{
  "SubTexture": [
    {
      "y": 60,
      "height": 53,
      "x": 135,
      "name": "robotFolder/lowerbody",
      "width": 44
    },
    {
      "y": 0,
      "height": 99,
      "x": 0,
      "name": "robotFolder/upperbody",
      "width": 60
    },
    {
      "y": 0,
      "height": 59,
      "x": 135,
      "name": "robotFolder/head",
      "width": 49
    },
    {
      "y": 65,
      "height": 22,
      "x": 181,
      "name": "robotFolder/leg_foot",
      "width": 41
    },
    {
      "y": 0,
      "height": 103,
      "x": 61,
      "name": "robotFolder/leg_lower",
      "width": 35
    },
    {
      "y": 0,
      "height": 91,
      "x": 97,
      "name": "robotFolder/leg_upper",
      "width": 37
    },
    {
      "y": 70,
      "height": 38,
      "x": 223,
      "name": "robotFolder/arm_hand",
      "width": 18
    },
    {
      "y": 0,
      "height": 69,
      "x": 224,
      "name": "robotFolder/arm_lower",
      "width": 19
    },
    {
      "y": 0,
      "height": 64,
      "x": 185,
      "name": "robotFolder/arm_upper",
      "width": 38
    }
  ],
  "imagePath": "texture.png",
  "name": "Robot"
}