{"mc":{
	"sprite1_left":{
		"frameRate":24,
		"frames":[
			
			{
			"res":"1290D893",
			"x":0,
			"y":0
			},
			{
			"res":"DB7DE451",
			"x":0,
			"y":0
			},
			{
			"res":"5CC2E93A",
			"x":0,
			"y":0
			},
			{
			"res":"E6F7A3AC",
			"x":0,
			"y":0
			},
			{
			"res":"A3A64B9",
			"x":0,
			"y":0
			},
			{
			"res":"A4C2BCF9",
			"x":0,
			"y":0
			},
			{
			"res":"46332732",
			"x":0,
			"y":0
			},
			{
			"res":"D9B51AE0",
			"x":0,
			"y":0
			},
			{
			"res":"A13B4E6F",
			"x":0,
			"y":0
			},
			{
			"res":"5B535C41",
			"x":0,
			"y":0
			},
			{
			"res":"4E898DD7",
			"x":0,
			"y":0
			},
			{
			"res":"DDAEF1D4",
			"x":0,
			"y":0
			},
			{
			"res":"5546F74",
			"x":0,
			"y":0
			},
			{
			"res":"DFAC8043",
			"x":0,
			"y":0
			},
			{
			"res":"A4F5A9D3",
			"x":0,
			"y":0
			},
			{
			"res":"AE53314C",
			"x":0,
			"y":0
			},
			{
			"res":"90278260",
			"x":0,
			"y":0
			},
			{
			"res":"21E5855C",
			"x":0,
			"y":0
			},
			{
			"res":"6C10B2CF",
			"x":0,
			"y":0
			},
			{
			"res":"B2C88A61",
			"x":0,
			"y":0
			},
			{
			"res":"4EA3A555",
			"x":0,
			"y":0
			},
			{
			"res":"2E4461D0",
			"x":0,
			"y":0
			},
			{
			"res":"895EC722",
			"x":0,
			"y":0
			},
			{
			"res":"96B317F0",
			"x":0,
			"y":0
			},
			{
			"res":"A5A6FB2F",
			"x":0,
			"y":0
			},
			{
			"res":"9DD6A3F9",
			"x":0,
			"y":0
			},
			{
			"res":"89346F09",
			"x":0,
			"y":0
			},
			{
			"res":"9B6A3183",
			"x":0,
			"y":0
			},
			{
			"res":"2737513B",
			"x":0,
			"y":0
			},
			{
			"res":"422C6AD5",
			"x":0,
			"y":0
			},
			{
			"res":"752CD8B7",
			"x":0,
			"y":0
			},
			{
			"res":"866583AF",
			"x":0,
			"y":0
			},
			{
			"res":"59BFD960",
			"x":0,
			"y":0
			},
			{
			"res":"4337F63A",
			"x":0,
			"y":0
			},
			{
			"res":"5A536E05",
			"x":0,
			"y":0
			},
			{
			"res":"FEB1481D",
			"x":0,
			"y":0
			},
			{
			"res":"E2A71255",
			"x":0,
			"y":0
			},
			{
			"res":"9490D8B2",
			"x":0,
			"y":0
			},
			{
			"res":"D0ED3123",
			"x":0,
			"y":0
			},
			{
			"res":"81D8287F",
			"x":0,
			"y":0
			},
			{
			"res":"BBD5CE0E",
			"x":0,
			"y":0
			}
			]
}},
	"res":{
		"1290D893":{"x":247,"y":64,"w":46,"h":59},
		"DB7DE451":{"x":257,"y":1,"w":46,"h":59},
		"5CC2E93A":{"x":155,"y":129,"w":47,"h":59},
		"E6F7A3AC":{"x":106,"y":129,"w":47,"h":60},
		"A3A64B9":{"x":56,"y":1,"w":48,"h":60},
		"A4C2BCF9":{"x":208,"y":1,"w":47,"h":61},
		"46332732":{"x":155,"y":1,"w":46,"h":62},
		"D9B51AE0":{"x":154,"y":425,"w":46,"h":63},
		"A13B4E6F":{"x":106,"y":64,"w":45,"h":63},
		"5B535C41":{"x":200,"y":190,"w":43,"h":64},
		"4E898DD7":{"x":297,"y":446,"w":42,"h":63},
		"DDAEF1D4":{"x":253,"y":446,"w":42,"h":63},
		"5546F74":{"x":200,"y":256,"w":43,"h":63},
		"DFAC8043":{"x":154,"y":253,"w":44,"h":63},
		"A4F5A9D3":{"x":153,"y":65,"w":45,"h":62},
		"AE53314C":{"x":106,"y":253,"w":46,"h":61},
		"90278260":{"x":54,"y":363,"w":49,"h":60},
		"21E5855C":{"x":55,"y":182,"w":49,"h":60},
		"6C10B2CF":{"x":1,"y":302,"w":51,"h":59},
		"B2C88A61":{"x":1,"y":363,"w":51,"h":58},
		"4EA3A555":{"x":1,"y":182,"w":52,"h":58},
		"2E4461D0":{"x":1,"y":62,"w":53,"h":58},
		"895EC722":{"x":1,"y":242,"w":52,"h":58},
		"96B317F0":{"x":105,"y":363,"w":50,"h":58},
		"A5A6FB2F":{"x":157,"y":363,"w":49,"h":59},
		"9DD6A3F9":{"x":202,"y":424,"w":49,"h":59},
		"89346F09":{"x":56,"y":63,"w":48,"h":60},
		"9B6A3183":{"x":54,"y":425,"w":48,"h":61},
		"2737513B":{"x":104,"y":425,"w":48,"h":61},
		"422C6AD5":{"x":106,"y":1,"w":47,"h":61},
		"752CD8B7":{"x":200,"y":65,"w":45,"h":61},
		"866583AF":{"x":253,"y":383,"w":44,"h":61},
		"59BFD960":{"x":155,"y":190,"w":43,"h":61},
		"4337F63A":{"x":341,"y":446,"w":44,"h":60},
		"5A536E05":{"x":208,"y":321,"w":45,"h":60},
		"FEB1481D":{"x":204,"y":128,"w":46,"h":59},
		"E2A71255":{"x":106,"y":191,"w":47,"h":60},
		"9490D8B2":{"x":54,"y":302,"w":50,"h":59},
		"D0ED3123":{"x":1,"y":423,"w":51,"h":58},
		"81D8287F":{"x":1,"y":1,"w":53,"h":59},
		"BBD5CE0E":{"x":1,"y":122,"w":53,"h":58}
	}}