{"mc":{
	"sprite1_down":{
		"frameRate":24,
		"frames":[
			
			{
			"res":"A21F51CF",
			"x":0,
			"y":0
			},
			{
			"res":"32021EFB",
			"x":0,
			"y":0
			},
			{
			"res":"86CAF605",
			"x":0,
			"y":0
			},
			{
			"res":"686DA56",
			"x":0,
			"y":0
			},
			{
			"res":"1FCCEED6",
			"x":0,
			"y":0
			},
			{
			"res":"5D2117BA",
			"x":0,
			"y":0
			},
			{
			"res":"B0CC2C14",
			"x":0,
			"y":0
			},
			{
			"res":"47BBE2EF",
			"x":0,
			"y":0
			},
			{
			"res":"780AE808",
			"x":0,
			"y":0
			},
			{
			"res":"1D31DECE",
			"x":0,
			"y":0
			},
			{
			"res":"A6925744",
			"x":0,
			"y":0
			},
			{
			"res":"8ECF1D90",
			"x":0,
			"y":0
			},
			{
			"res":"6A5959F9",
			"x":0,
			"y":0
			},
			{
			"res":"2D7C6AD1",
			"x":0,
			"y":0
			},
			{
			"res":"DDA6F921",
			"x":0,
			"y":0
			},
			{
			"res":"49D4151F",
			"x":0,
			"y":0
			},
			{
			"res":"ED684F94",
			"x":0,
			"y":0
			},
			{
			"res":"1862E0F4",
			"x":0,
			"y":0
			},
			{
			"res":"77416D35",
			"x":0,
			"y":0
			},
			{
			"res":"7BD04CFE",
			"x":0,
			"y":0
			},
			{
			"res":"AEBB443A",
			"x":0,
			"y":0
			},
			{
			"res":"C484C2EA",
			"x":0,
			"y":0
			},
			{
			"res":"E9BD6AE0",
			"x":0,
			"y":0
			},
			{
			"res":"A2C79F1",
			"x":0,
			"y":0
			},
			{
			"res":"B7B426BC",
			"x":0,
			"y":0
			},
			{
			"res":"A16F8C1C",
			"x":0,
			"y":0
			},
			{
			"res":"BDA2FD11",
			"x":0,
			"y":0
			},
			{
			"res":"5FF370D7",
			"x":0,
			"y":0
			},
			{
			"res":"64966E96",
			"x":0,
			"y":0
			},
			{
			"res":"CD0F8F8F",
			"x":0,
			"y":0
			},
			{
			"res":"D992B34C",
			"x":0,
			"y":0
			},
			{
			"res":"8626615E",
			"x":0,
			"y":0
			},
			{
			"res":"2411B155",
			"x":0,
			"y":0
			},
			{
			"res":"5B57392",
			"x":0,
			"y":0
			},
			{
			"res":"DA79F530",
			"x":0,
			"y":0
			},
			{
			"res":"DC7220B3",
			"x":0,
			"y":0
			},
			{
			"res":"E7BA2781",
			"x":0,
			"y":0
			},
			{
			"res":"E9F1B09A",
			"x":0,
			"y":0
			},
			{
			"res":"AEDE41C7",
			"x":0,
			"y":0
			},
			{
			"res":"E7EB751E",
			"x":0,
			"y":0
			},
			{
			"res":"5E9023F4",
			"x":0,
			"y":0
			}
			]
}},
	"res":{
		"A21F51CF":{"x":289,"y":1,"w":36,"h":60},
		"32021EFB":{"x":288,"y":123,"w":36,"h":59},
		"86CAF605":{"x":326,"y":123,"w":36,"h":59},
		"686DA56":{"x":364,"y":123,"w":36,"h":59},
		"1FCCEED6":{"x":250,"y":62,"w":37,"h":59},
		"5D2117BA":{"x":170,"y":184,"w":38,"h":60},
		"B0CC2C14":{"x":129,"y":1,"w":39,"h":60},
		"47BBE2EF":{"x":87,"y":1,"w":40,"h":59},
		"780AE808":{"x":1,"y":1,"w":41,"h":59},
		"1D31DECE":{"x":1,"y":62,"w":41,"h":59},
		"A6925744":{"x":1,"y":123,"w":41,"h":59},
		"8ECF1D90":{"x":1,"y":184,"w":41,"h":59},
		"6A5959F9":{"x":44,"y":1,"w":41,"h":59},
		"2D7C6AD1":{"x":87,"y":62,"w":40,"h":59},
		"DDA6F921":{"x":87,"y":123,"w":40,"h":59},
		"49D4151F":{"x":129,"y":63,"w":39,"h":59},
		"ED684F94":{"x":129,"y":124,"w":39,"h":59},
		"1862E0F4":{"x":210,"y":184,"w":38,"h":59},
		"77416D35":{"x":250,"y":1,"w":37,"h":59},
		"7BD04CFE":{"x":289,"y":63,"w":36,"h":58},
		"AEBB443A":{"x":402,"y":122,"w":35,"h":58},
		"C484C2EA":{"x":365,"y":62,"w":36,"h":58},
		"E9BD6AE0":{"x":290,"y":184,"w":36,"h":59},
		"A2C79F1":{"x":328,"y":184,"w":36,"h":59},
		"B7B426BC":{"x":250,"y":123,"w":36,"h":59},
		"A16F8C1C":{"x":211,"y":1,"w":37,"h":60},
		"BDA2FD11":{"x":250,"y":184,"w":38,"h":59},
		"5FF370D7":{"x":129,"y":185,"w":39,"h":59},
		"64966E96":{"x":170,"y":1,"w":39,"h":59},
		"CD0F8F8F":{"x":44,"y":62,"w":41,"h":59},
		"D992B34C":{"x":44,"y":123,"w":41,"h":59},
		"8626615E":{"x":44,"y":184,"w":41,"h":59},
		"2411B155":{"x":87,"y":184,"w":40,"h":59},
		"5B57392":{"x":170,"y":62,"w":39,"h":59},
		"DA79F530":{"x":170,"y":123,"w":39,"h":59},
		"DC7220B3":{"x":211,"y":63,"w":37,"h":60},
		"E7BA2781":{"x":366,"y":184,"w":36,"h":59},
		"E9F1B09A":{"x":402,"y":1,"w":36,"h":59},
		"AEDE41C7":{"x":327,"y":1,"w":36,"h":59},
		"E7EB751E":{"x":365,"y":1,"w":35,"h":59},
		"5E9023F4":{"x":327,"y":62,"w":36,"h":59}
	}}