{
	"groups":[
	{
		"keys":"checkbox_select_disabled_png,checkbox_select_normal_png,checkbox_select_over_png,checkbox_unselect_disabled_png,checkbox_unselect_normal_png,checkbox_unselect_over_png,hslider_fill_png,hslider_thumb_png,hslider_track_png,button_disabled_png,button_down_png,button_normal_png,button_over_png,panel_back_png,progressbar_fill_png,progressbar_track_png,radiobutton_select_disabled_png,radiobutton_select_normal_png,radiobutton_select_over_png,radiobutton_unselect_disabled_png,radiobutton_unselect_normal_png,radiobutton_unselect_over_png,togglebutton_disabled_png,togglebutton_normal_png,togglebutton_over_png,togglebutton_selected_png,tree_back_png,tree_btndisabled_png,tree_btndisabledselect_png,tree_btndown_png,tree_btndownselect_png,tree_btnup_png,tree_btnupselect_png,vslider_fill_png,vslider_thumb_png,vslider_track_png,screens_json,onoffbutton_off_label_png,onoffbutton_off_thumb_png,onoffbutton_off_track_png,onoffbutton_on_label_png,onoffbutton_on_thumb_png,onoffbutton_on_track_png,dropdownlist_over_png,tree_icon_dir_png,tree_icon_file_png,panel_headeback_png",
		"name":"skin"
	},
	{
		"keys":"app_back_png,app_header_back_png,app_list_back_png,app_list_item_cutlline_png,app_list_item_select_png,app_list_item_up_png,app_egret_labs_jpg,app_iconbutton_icon2_png,app_layout_back_png,app_layout_item_png,app_logo_png,app_iconbutton_icon_png",
		"name":"global"
	}],
	"resources":[
	{
		"name":"checkbox_select_disabled_png",
		"type":"image",
		"url":"asset/simple/CheckBox/checkbox-select_disabled.png"
	},
	{
		"name":"checkbox_select_normal_png",
		"type":"image",
		"url":"asset/simple/CheckBox/checkbox-select_normal.png"
	},
	{
		"name":"checkbox_select_over_png",
		"type":"image",
		"url":"asset/simple/CheckBox/checkbox-select_over.png"
	},
	{
		"name":"checkbox_unselect_disabled_png",
		"type":"image",
		"url":"asset/simple/CheckBox/checkbox-unselect_disabled.png"
	},
	{
		"name":"checkbox_unselect_normal_png",
		"type":"image",
		"url":"asset/simple/CheckBox/checkbox-unselect_normal.png"
	},
	{
		"name":"checkbox_unselect_over_png",
		"type":"image",
		"url":"asset/simple/CheckBox/checkbox-unselect_over.png"
	},
	{
		"name":"hslider_fill_png",
		"scale9grid":"1,1,13,2",
		"type":"image",
		"url":"asset/simple/HSlider/HSlider_fill.png"
	},
	{
		"name":"hslider_thumb_png",
		"type":"image",
		"url":"asset/simple/HSlider/HSlider_thumb.png"
	},
	{
		"name":"hslider_track_png",
		"scale9grid":"1,1,13,2",
		"type":"image",
		"url":"asset/simple/HSlider/HSlider_track.png"
	},
	{
		"name":"button_disabled_png",
		"scale9grid":"3,4,14,13",
		"type":"image",
		"url":"asset/simple/NormalButton/button_disabled.png"
	},
	{
		"name":"button_down_png",
		"scale9grid":"4,3,13,14",
		"type":"image",
		"url":"asset/simple/NormalButton/button_down.png"
	},
	{
		"name":"button_normal_png",
		"scale9grid":"4,3,13,15",
		"type":"image",
		"url":"asset/simple/NormalButton/button_normal.png"
	},
	{
		"name":"button_over_png",
		"scale9grid":"4,4,13,13",
		"type":"image",
		"url":"asset/simple/NormalButton/button_over.png"
	},
	{
		"name":"panel_back_png",
		"scale9grid":"19,21,15,13",
		"type":"image",
		"url":"asset/simple/Panel/Panel_back.png"
	},
	{
		"name":"progressbar_fill_png",
		"type":"image",
		"url":"asset/simple/ProgressBar/Progressbar_fill.png"
	},
	{
		"name":"progressbar_track_png",
		"scale9grid":"1,1,28,8",
		"type":"image",
		"url":"asset/simple/ProgressBar/Progressbar_track.png"
	},
	{
		"name":"radiobutton_select_disabled_png",
		"type":"image",
		"url":"asset/simple/RadioButton/RadioButton_select_disabled.png"
	},
	{
		"name":"radiobutton_select_normal_png",
		"type":"image",
		"url":"asset/simple/RadioButton/RadioButton_select_normal.png"
	},
	{
		"name":"radiobutton_select_over_png",
		"type":"image",
		"url":"asset/simple/RadioButton/RadioButton_select_over.png"
	},
	{
		"name":"radiobutton_unselect_disabled_png",
		"type":"image",
		"url":"asset/simple/RadioButton/RadioButton_unselect_disabled.png"
	},
	{
		"name":"radiobutton_unselect_normal_png",
		"type":"image",
		"url":"asset/simple/RadioButton/RadioButton_unselect_normal.png"
	},
	{
		"name":"radiobutton_unselect_over_png",
		"type":"image",
		"url":"asset/simple/RadioButton/RadioButton_unselect_over.png"
	},
	{
		"name":"togglebutton_disabled_png",
		"scale9grid":"3,3,9,2",
		"type":"image",
		"url":"asset/simple/ToggleButton/togglebutton_disabled.png"
	},
	{
		"name":"togglebutton_normal_png",
		"scale9grid":"3,3,9,2",
		"type":"image",
		"url":"asset/simple/ToggleButton/togglebutton_normal.png"
	},
	{
		"name":"togglebutton_over_png",
		"scale9grid":"3,3,9,2",
		"type":"image",
		"url":"asset/simple/ToggleButton/togglebutton_over.png"
	},
	{
		"name":"togglebutton_selected_png",
		"scale9grid":"3,3,9,2",
		"type":"image",
		"url":"asset/simple/ToggleButton/togglebutton_selected.png"
	},
	{
		"name":"tree_back_png",
		"scale9grid":"4,5,26,25",
		"type":"image",
		"url":"asset/simple/Tree/tree_back.png"
	},
	{
		"name":"tree_btndisabled_png",
		"type":"image",
		"url":"asset/simple/Tree/tree_btnDisabled.png"
	},
	{
		"name":"tree_btndisabledselect_png",
		"type":"image",
		"url":"asset/simple/Tree/tree_btnDisabledSelect.png"
	},
	{
		"name":"tree_btndown_png",
		"type":"image",
		"url":"asset/simple/Tree/tree_btnDown.png"
	},
	{
		"name":"tree_btndownselect_png",
		"type":"image",
		"url":"asset/simple/Tree/tree_btnDownSelect.png"
	},
	{
		"name":"tree_btnup_png",
		"type":"image",
		"url":"asset/simple/Tree/tree_btnUp.png"
	},
	{
		"name":"tree_btnupselect_png",
		"type":"image",
		"url":"asset/simple/Tree/tree_btnUpSelect.png"
	},
	{
		"name":"vslider_fill_png",
		"scale9grid":"1,1,2,13",
		"type":"image",
		"url":"asset/simple/VSlider/VSlider_fill.png"
	},
	{
		"name":"vslider_thumb_png",
		"type":"image",
		"url":"asset/simple/VSlider/VSlider_thumb.png"
	},
	{
		"name":"vslider_track_png",
		"scale9grid":"1,1,2,13",
		"type":"image",
		"url":"asset/simple/VSlider/VSlider_track.png"
	},
	{
		"name":"app_back_png",
		"type":"image",
		"url":"asset/app/simple/app_back.png"
	},
	{
		"name":"app_header_back_png",
		"type":"image",
		"url":"asset/app/simple/app_header_back.png"
	},
	{
		"name":"app_list_back_png",
		"type":"image",
		"url":"asset/app/simple/app_list_back.png"
	},
	{
		"name":"app_list_item_cutlline_png",
		"type":"image",
		"url":"asset/app/simple/app_list_item_cutlline.png"
	},
	{
		"name":"app_list_item_select_png",
		"type":"image",
		"url":"asset/app/simple/app_list_item_select.png"
	},
	{
		"name":"app_list_item_up_png",
		"type":"image",
		"url":"asset/app/simple/app_list_item_up.png"
	},
	{
		"name":"app_egret_labs_jpg",
		"type":"image",
		"url":"asset/app/app_egret-labs.jpg"
	},
	{
		"name":"app_iconbutton_icon2_png",
		"type":"image",
		"url":"asset/app/app_iconbutton-icon2.png"
	},
	{
		"name":"app_layout_back_png",
		"scale9grid":"24,7,148,15",
		"type":"image",
		"url":"asset/app/app_layout_back.png"
	},
	{
		"name":"app_layout_item_png",
		"scale9grid":"30,72,105,68",
		"type":"image",
		"url":"asset/app/app_layout_item.png"
	},
	{
		"name":"screens_json",
		"type":"json",
		"url":"config/screens.json"
	},
	{
		"name":"app_logo_png",
		"type":"image",
		"url":"asset/app/simple/app_logo.png"
	},
	{
		"name":"onoffbutton_off_label_png",
		"type":"image",
		"url":"asset/simple/ONOFFButton/onoffbutton_off_label.png"
	},
	{
		"name":"onoffbutton_off_thumb_png",
		"type":"image",
		"url":"asset/simple/ONOFFButton/onoffbutton_off_thumb.png"
	},
	{
		"name":"onoffbutton_off_track_png",
		"type":"image",
		"url":"asset/simple/ONOFFButton/onoffbutton_off_track.png"
	},
	{
		"name":"onoffbutton_on_label_png",
		"type":"image",
		"url":"asset/simple/ONOFFButton/onoffbutton_on_label.png"
	},
	{
		"name":"onoffbutton_on_thumb_png",
		"type":"image",
		"url":"asset/simple/ONOFFButton/onoffbutton_on_thumb.png"
	},
	{
		"name":"onoffbutton_on_track_png",
		"type":"image",
		"url":"asset/simple/ONOFFButton/onoffbutton_on_track.png"
	},
	{
		"name":"dropdownlist_over_png",
		"type":"image",
		"url":"asset/simple/DropdownList/dropdownlist_over.png"
	},
	{
		"name":"tree_icon_dir_png",
		"type":"image",
		"url":"asset/simple/Tree/tree_icon_dir.png"
	},
	{
		"name":"tree_icon_file_png",
		"type":"image",
		"url":"asset/simple/Tree/tree_icon_file.png"
	},
	{
		"name":"panel_headeback_png",
		"scale9grid":"24,18,19,22",
		"type":"image",
		"url":"asset/simple/Panel/Panel_headeBack.png"
	},
	{
		"name":"app_iconbutton_icon_png",
		"type":"image",
		"url":"asset/app/simple/app_iconbutton-icon.png"
	},
	{
		"name":"dropdownlist_arrow_down_png",
		"type":"image",
		"url":"asset/simple/DropdownList/dropdownlist_arrow_down.png"
	},
	{
		"name":"dropdownlist_arrow_up_png",
		"type":"image",
		"url":"asset/simple/DropdownList/dropdownlist_arrow_up.png"
	},
	{
		"name":"DropDownListButtonSkin_down_png",
		"scale9grid":"3,3,4,19",
		"type":"image",
		"url":"asset/simple/DropdownList/DropDownListButtonSkin_down.png"
	},
	{
		"name":"DropDownListButtonSkin_up_png",
		"scale9grid":"3,3,4,19",
		"type":"image",
		"url":"asset/simple/DropdownList/DropDownListButtonSkin_up.png"
	},
	{
		"name":"closebtn_disabledpng",
		"type":"image",
		"url":"asset/simple/TitleWindow/closebtn_disabled.png"
	},
	{
		"name":"closebtn_down_png",
		"type":"image",
		"url":"asset/simple/TitleWindow/closebtn_down.png"
	},
	{
		"name":"closebtn_up_png",
		"type":"image",
		"url":"asset/simple/TitleWindow/closebtn_up.png"
	},
	{
		"name":"font_fnt",
		"type":"font",
		"url":"asset/app/font.fnt"
	}]
}