{
	"groups":[
	{
		"keys":"hscrollbar_buttonback_png,hscrollbar_leftbuttom_png,hscrollbar_rightbutton_png,hscrollbar_thumb_png,hscrollbar_track_png,hslider_fill_png,hslider_thumb_png,hslider_track_png,button_disabled_png,button_down_png,button_normal_png,button_over_png,onoffbutton_off_label_png,onoffbutton_off_thumb_png,onoffbutton_off_track_png,onoffbutton_on_label_png,onoffbutton_on_thumb_png,onoffbutton_on_track_png,panel_back_png,panel_headeback_png,titlewindow_back_png,titlewindow_close_png,titlewindow_headback_png,vscroller_buttonback_png,vscroller_downbutton_png,vscroller_thumb_png,vscroller_track_png,vscroller_upbutton_png,vslider_fill_png,vslider_thumb_png,vslider_track_png,screens_json,checkbox_select_disabled_png,checkbox_select_normal_png,checkbox_select_over_png,checkbox_unselect_disabled_png,checkbox_unselect_normal_png,checkbox_unselect_over_png,dropdownlist_down_png,dropdownlist_dropback_png,dropdownlist_dropbutton_png,dropdownlist_normal_png,dropdownlist_over_png,progressbar_fill_png,progressbar_thumb_png,progressbar_track_png,radiobutton_select_disabled_png,radiobutton_select_over_png,radiobutton_unselect_disabled_png,radiobutton_unselect_normal_png,radiobutton_unselect_over_png,radiobutton_select_normal_png,togglebutton_disabled_png,togglebutton_normal_png,togglebutton_over_png,togglebutton_selected_png,tree_back_png,tree_btndisabled_png,tree_btndisabledselect_png,tree_btndown_png,tree_btndownselect_png,tree_btnup_png,tree_btnupselect_png,tabbar_over_png,tabbar_select_png,tree_icon_file_png,tree_icon_dir_png,list_item_normal_png,list_item_select_png",
		"name":"skin"
	},
	{
		"keys":"app_egret_labs_jpg,app_layout_back_png,app_layout_item_png,app_back_png,app_header_back_png,app_list_back_png,app_list_item_cutlline_png,app_list_item_select_png,app_iconbutton_icon2_png,app_list_item_up_png,app_logo_png,app_iconbutton_icon_png",
		"name":"global"
	}],
	"resources":[
	{
		"name":"hscrollbar_buttonback_png",
		"type":"image",
		"url":"asset/ocean/HScrollbar/HScrollbar_buttonBack.png"
	},
	{
		"name":"hscrollbar_leftbuttom_png",
		"type":"image",
		"url":"asset/ocean/HScrollbar/HScrollbar_leftButtom.png"
	},
	{
		"name":"hscrollbar_rightbutton_png",
		"type":"image",
		"url":"asset/ocean/HScrollbar/HScrollbar_rightButton.png"
	},
	{
		"name":"hscrollbar_thumb_png",
		"type":"image",
		"url":"asset/ocean/HScrollbar/HScrollbar_thumb.png"
	},
	{
		"name":"hscrollbar_track_png",
		"type":"image",
		"url":"asset/ocean/HScrollbar/HScrollbar_track.png"
	},
	{
		"name":"hslider_fill_png",
		"type":"image",
		"url":"asset/ocean/HSlider/HSlider_fill.png"
	},
	{
		"name":"hslider_thumb_png",
		"type":"image",
		"url":"asset/ocean/HSlider/HSlider_thumb.png"
	},
	{
		"name":"hslider_track_png",
		"type":"image",
		"url":"asset/ocean/HSlider/HSlider_track.png"
	},
	{
		"name":"button_disabled_png",
		"type":"image",
		"url":"asset/ocean/NormalButton/button_disabled.png"
	},
	{
		"name":"button_down_png",
		"type":"image",
		"url":"asset/ocean/NormalButton/button_down.png"
	},
	{
		"name":"button_normal_png",
		"type":"image",
		"url":"asset/ocean/NormalButton/button_normal.png"
	},
	{
		"name":"button_over_png",
		"type":"image",
		"url":"asset/ocean/NormalButton/button_over.png"
	},
	{
		"name":"onoffbutton_off_label_png",
		"type":"image",
		"url":"asset/ocean/ONOFFButton/onoffbutton_off_label.png"
	},
	{
		"name":"onoffbutton_off_thumb_png",
		"type":"image",
		"url":"asset/ocean/ONOFFButton/onoffbutton_off_thumb.png"
	},
	{
		"name":"onoffbutton_off_track_png",
		"type":"image",
		"url":"asset/ocean/ONOFFButton/onoffbutton_off_track.png"
	},
	{
		"name":"onoffbutton_on_label_png",
		"type":"image",
		"url":"asset/ocean/ONOFFButton/onoffbutton_on_label.png"
	},
	{
		"name":"onoffbutton_on_thumb_png",
		"type":"image",
		"url":"asset/ocean/ONOFFButton/onoffbutton_on_thumb.png"
	},
	{
		"name":"onoffbutton_on_track_png",
		"type":"image",
		"url":"asset/ocean/ONOFFButton/onoffbutton_on_track.png"
	},
	{
		"name":"panel_back_png",
		"scale9grid":"16,11,230,187",
		"type":"image",
		"url":"asset/ocean/Panel/Panel_back.png"
	},
	{
		"name":"panel_headeback_png",
		"scale9grid":"6,7,238,20",
		"type":"image",
		"url":"asset/ocean/Panel/Panel_headeBack.png"
	},
	{
		"name":"titlewindow_back_png",
		"type":"image",
		"url":"asset/ocean/TitleWindow/titleWindow-back.png"
	},
	{
		"name":"titlewindow_close_png",
		"type":"image",
		"url":"asset/ocean/TitleWindow/titleWindow_close.png"
	},
	{
		"name":"titlewindow_headback_png",
		"type":"image",
		"url":"asset/ocean/TitleWindow/titleWindow_headback.png"
	},
	{
		"name":"vscroller_buttonback_png",
		"type":"image",
		"url":"asset/ocean/VScrollbar/VScroller_buttonback.png"
	},
	{
		"name":"vscroller_downbutton_png",
		"type":"image",
		"url":"asset/ocean/VScrollbar/VScroller_downbutton.png"
	},
	{
		"name":"vscroller_thumb_png",
		"type":"image",
		"url":"asset/ocean/VScrollbar/VScroller_thumb.png"
	},
	{
		"name":"vscroller_track_png",
		"type":"image",
		"url":"asset/ocean/VScrollbar/VScroller_track.png"
	},
	{
		"name":"vscroller_upbutton_png",
		"type":"image",
		"url":"asset/ocean/VScrollbar/VScroller_upbutton.png"
	},
	{
		"name":"vslider_fill_png",
		"type":"image",
		"url":"asset/ocean/VSlider/VSlider_fill.png"
	},
	{
		"name":"vslider_thumb_png",
		"type":"image",
		"url":"asset/ocean/VSlider/VSlider_thumb.png"
	},
	{
		"name":"vslider_track_png",
		"type":"image",
		"url":"asset/ocean/VSlider/VSlider_track.png"
	},
	{
		"name":"screens_json",
		"type":"json",
		"url":"config/screens.json"
	},
	{
		"name":"checkbox_select_disabled_png",
		"type":"image",
		"url":"asset/ocean/CheckBox/checkbox-select_disabled.png"
	},
	{
		"name":"checkbox_select_normal_png",
		"type":"image",
		"url":"asset/ocean/CheckBox/checkbox-select_normal.png"
	},
	{
		"name":"checkbox_select_over_png",
		"type":"image",
		"url":"asset/ocean/CheckBox/checkbox-select_over.png"
	},
	{
		"name":"checkbox_unselect_disabled_png",
		"type":"image",
		"url":"asset/ocean/CheckBox/checkbox-unselect_disabled.png"
	},
	{
		"name":"checkbox_unselect_normal_png",
		"type":"image",
		"url":"asset/ocean/CheckBox/checkbox-unselect_normal.png"
	},
	{
		"name":"checkbox_unselect_over_png",
		"type":"image",
		"url":"asset/ocean/CheckBox/checkbox-unselect_over.png"
	},
	{
		"name":"dropdownlist_down_png",
		"type":"image",
		"url":"asset/ocean/DropdownList/dropdownlist_down.png"
	},
	{
		"name":"dropdownlist_dropback_png",
		"scale9grid":"9,9,138,104",
		"type":"image",
		"url":"asset/ocean/DropdownList/dropdownlist_dropBack.png"
	},
	{
		"name":"dropdownlist_dropbutton_png",
		"type":"image",
		"url":"asset/ocean/DropdownList/dropdownlist_dropButton.png"
	},
	{
		"name":"dropdownlist_normal_png",
		"type":"image",
		"url":"asset/ocean/DropdownList/dropdownlist_normal.png"
	},
	{
		"name":"dropdownlist_over_png",
		"type":"image",
		"url":"asset/ocean/DropdownList/dropdownlist_over.png"
	},
	{
		"name":"progressbar_fill_png",
		"type":"image",
		"url":"asset/ocean/ProgressBar/Progressbar_fill.png"
	},
	{
		"name":"progressbar_thumb_png",
		"type":"image",
		"url":"asset/ocean/ProgressBar/Progressbar_thumb.png"
	},
	{
		"name":"progressbar_track_png",
		"scale9grid":"9,4,283,5",
		"type":"image",
		"url":"asset/ocean/ProgressBar/Progressbar_track.png"
	},
	{
		"name":"radiobutton_select_disabled_png",
		"type":"image",
		"url":"asset/ocean/RadioButton/RadioButton_select_disabled.png"
	},
	{
		"name":"radiobutton_select_over_png",
		"type":"image",
		"url":"asset/ocean/RadioButton/RadioButton_select_over.png"
	},
	{
		"name":"radiobutton_unselect_disabled_png",
		"type":"image",
		"url":"asset/ocean/RadioButton/RadioButton_unselect_disabled.png"
	},
	{
		"name":"radiobutton_unselect_normal_png",
		"type":"image",
		"url":"asset/ocean/RadioButton/RadioButton_unselect_normal.png"
	},
	{
		"name":"radiobutton_unselect_over_png",
		"type":"image",
		"url":"asset/ocean/RadioButton/RadioButton_unselect_over.png"
	},
	{
		"name":"radiobutton_select_normal_png",
		"type":"image",
		"url":"asset/ocean/RadioButton/RadioButton_select_normal.png"
	},
	{
		"name":"togglebutton_disabled_png",
		"type":"image",
		"url":"asset/ocean/ToggleButton/togglebutton_disabled.png"
	},
	{
		"name":"togglebutton_normal_png",
		"type":"image",
		"url":"asset/ocean/ToggleButton/togglebutton_normal.png"
	},
	{
		"name":"togglebutton_over_png",
		"type":"image",
		"url":"asset/ocean/ToggleButton/togglebutton_over.png"
	},
	{
		"name":"togglebutton_selected_png",
		"type":"image",
		"url":"asset/ocean/ToggleButton/togglebutton_selected.png"
	},
	{
		"name":"tree_back_png",
		"type":"image",
		"url":"asset/ocean/Tree/tree_back.png"
	},
	{
		"name":"tree_btndisabled_png",
		"type":"image",
		"url":"asset/ocean/Tree/tree_btnDisabled.png"
	},
	{
		"name":"tree_btndisabledselect_png",
		"type":"image",
		"url":"asset/ocean/Tree/tree_btnDisabledSelect.png"
	},
	{
		"name":"tree_btndown_png",
		"type":"image",
		"url":"asset/ocean/Tree/tree_btnDown.png"
	},
	{
		"name":"tree_btndownselect_png",
		"type":"image",
		"url":"asset/ocean/Tree/tree_btnDownSelect.png"
	},
	{
		"name":"tree_btnup_png",
		"type":"image",
		"url":"asset/ocean/Tree/tree_btnUp.png"
	},
	{
		"name":"tree_btnupselect_png",
		"type":"image",
		"url":"asset/ocean/Tree/tree_btnUpSelect.png"
	},
	{
		"name":"tabbar_over_png",
		"type":"image",
		"url":"asset/ocean/TabBar/TabBar_over.png"
	},
	{
		"name":"tabbar_select_png",
		"type":"image",
		"url":"asset/ocean/TabBar/TabBar_select.png"
	},
	{
		"name":"app_egret_labs_jpg",
		"type":"image",
		"url":"asset/app/app_egret-labs.jpg"
	},
	{
		"name":"app_layout_back_png",
		"scale9grid":"25,10,142,16",
		"type":"image",
		"url":"asset/app/app_layout_back.png"
	},
	{
		"name":"app_layout_item_png",
		"scale9grid":"14,70,132,69",
		"type":"image",
		"url":"asset/app/app_layout_item.png"
	},
	{
		"name":"app_back_png",
		"type":"image",
		"url":"asset/app/ocean/app_back.png"
	},
	{
		"name":"app_header_back_png",
		"type":"image",
		"url":"asset/app/ocean/app_header_back.png"
	},
	{
		"name":"app_list_back_png",
		"type":"image",
		"url":"asset/app/ocean/app_list_back.png"
	},
	{
		"name":"app_list_item_cutlline_png",
		"type":"image",
		"url":"asset/app/ocean/app_list_item_cutlline.png"
	},
	{
		"name":"app_list_item_select_png",
		"type":"image",
		"url":"asset/app/ocean/app_list_item_select.png"
	},
	{
		"name":"app_iconbutton_icon2_png",
		"type":"image",
		"url":"asset/app/app_iconbutton-icon2.png"
	},
	{
		"name":"app_list_item_up_png",
		"type":"image",
		"url":"asset/app/ocean/app_list_item_up.png"
	},
	{
		"name":"app_logo_png",
		"type":"image",
		"url":"asset/app/ocean/app_logo.png"
	},
	{
		"name":"tree_icon_file_png",
		"type":"image",
		"url":"asset/ocean/Tree/tree_icon_file.png"
	},
	{
		"name":"tree_icon_dir_png",
		"type":"image",
		"url":"asset/ocean/Tree/tree_icon_dir.png"
	},
	{
		"name":"list_item_normal_png",
		"type":"image",
		"url":"asset/ocean/List/list_item_normal.png"
	},
	{
		"name":"list_item_select_png",
		"type":"image",
		"url":"asset/ocean/List/list_item_select.png"
	},
	{
		"name":"app_iconbutton_icon_png",
		"type":"image",
		"url":"asset/app/ocean/app_iconbutton-icon.png"
	},
	{
		"name":"font_fnt",
		"type":"font",
		"url":"asset/app/font.fnt"
	}]
}