{"mc":{
	"turretskin2":{
		"frameRate":24,
		"frames":[
			
			{
			"res":"1A84C050",
			"x":0,
			"y":0
			},
			{
			"res":"E5C0EC57",
			"x":0,
			"y":0
			},
			{
			"res":"78D82885",
			"x":0,
			"y":0
			},
			{
			"res":"974D1E25",
			"x":0,
			"y":0
			},
			{
			"res":"1BAC3DE7",
			"x":0,
			"y":0
			},
			{
			"res":"1FB06C16",
			"x":0,
			"y":0
			},
			{
			"res":"F59B5C8F",
			"x":0,
			"y":0
			},
			{
			"res":"2E50048F",
			"x":0,
			"y":0
			},
			{
			"res":"FDE77CA0",
			"x":0,
			"y":0
			},
			{
			"res":"BFE7DB8C",
			"x":0,
			"y":0
			},
			{
			"res":"73D6E768",
			"x":0,
			"y":0
			},
			{
			"res":"CACA5E0",
			"x":0,
			"y":0
			},
			{
			"res":"BCCEB4B0",
			"x":0,
			"y":0
			},
			{
			"res":"206175FE",
			"x":0,
			"y":0
			},
			{
			"res":"C533C94E",
			"x":0,
			"y":0
			},
			{
			"res":"B758BF81",
			"x":0,
			"y":0
			},
			{
			"res":"B9206776",
			"x":0,
			"y":0
			},
			{
			"res":"14D75A61",
			"x":0,
			"y":0
			},
			{
			"res":"768A5EFF",
			"x":0,
			"y":0
			},
			{
			"res":"A20DE100",
			"x":0,
			"y":0
			},
			{
			"res":"54C018A8",
			"x":0,
			"y":0
			},
			{
			"res":"3CF50420",
			"x":0,
			"y":0
			},
			{
			"res":"29633833",
			"x":0,
			"y":0
			},
			{
			"res":"BFBF520C",
			"x":0,
			"y":0
			},
			{
			"res":"2B3154F4",
			"x":0,
			"y":0
			},
			{
			"res":"6864B81E",
			"x":0,
			"y":0
			},
			{
			"res":"CE1BBBCC",
			"x":0,
			"y":0
			},
			{
			"res":"E68EE15C",
			"x":0,
			"y":0
			},
			{
			"res":"3A0D05AC",
			"x":0,
			"y":0
			},
			{
			"res":"945A42A1",
			"x":0,
			"y":0
			},
			{
			"res":"B39F43CE",
			"x":0,
			"y":0
			},
			{
			"res":"D39CE2EE",
			"x":0,
			"y":0
			},
			{
			"res":"4262B4DE",
			"x":0,
			"y":0
			},
			{
			"res":"239E5DB7",
			"x":0,
			"y":0
			},
			{
			"res":"3D5EA41A",
			"x":0,
			"y":0
			},
			{
			"res":"73600FE1",
			"x":0,
			"y":0
			},
			{
			"res":"E695684E",
			"x":0,
			"y":0
			},
			{
			"res":"7FB29736",
			"x":0,
			"y":0
			},
			{
			"res":"30437B95",
			"x":0,
			"y":0
			},
			{
			"res":"D79714A4",
			"x":0,
			"y":0
			},
			{
			"res":"8B4D0DA4",
			"x":0,
			"y":0
			},
			{
			"res":"201E3491",
			"x":0,
			"y":0
			},
			{
			"res":"4127479F",
			"x":0,
			"y":0
			},
			{
			"res":"AB02BE22",
			"x":0,
			"y":0
			},
			{
			"res":"2AB9DC08",
			"x":0,
			"y":0
			},
			{
			"res":"8E8BD08B",
			"x":0,
			"y":0
			},
			{
			"res":"9FE65A06",
			"x":0,
			"y":0
			},
			{
			"res":"372EF4D7",
			"x":0,
			"y":0
			},
			{
			"res":"2D3245CD",
			"x":0,
			"y":0
			},
			{
			"res":"2D5761F8",
			"x":0,
			"y":0
			},
			{
			"res":"BEE825FB",
			"x":0,
			"y":0
			},
			{
			"res":"9576F386",
			"x":0,
			"y":0
			},
			{
			"res":"3C49C12",
			"x":0,
			"y":0
			},
			{
			"res":"5C1B721E",
			"x":0,
			"y":0
			},
			{
			"res":"B2BC3245",
			"x":0,
			"y":0
			},
			{
			"res":"AEC28B0B",
			"x":0,
			"y":0
			},
			{
			"res":"FA028A34",
			"x":0,
			"y":0
			},
			{
			"res":"7A93C509",
			"x":0,
			"y":0
			},
			{
			"res":"7F0124D2",
			"x":0,
			"y":0
			},
			{
			"res":"C6D696C1",
			"x":0,
			"y":0
			},
			{
			"res":"18519775",
			"x":0,
			"y":0
			},
			{
			"res":"49B7182C",
			"x":0,
			"y":0
			},
			{
			"res":"7EC7BF47",
			"x":0,
			"y":0
			},
			{
			"res":"5A8D4335",
			"x":0,
			"y":0
			},
			{
			"res":"2F746BCC",
			"x":0,
			"y":0
			},
			{
			"res":"7C207E3",
			"x":0,
			"y":0
			},
			{
			"res":"9633924E",
			"x":0,
			"y":0
			},
			{
			"res":"412C92A7",
			"x":0,
			"y":0
			},
			{
			"res":"101B342D",
			"x":0,
			"y":0
			},
			{
			"res":"F8AAF755",
			"x":0,
			"y":0
			},
			{
			"res":"1D30FE0",
			"x":0,
			"y":0
			},
			{
			"res":"6EB637C3",
			"x":0,
			"y":0
			}
			]
}},
	"res":{
		"1A84C050":{"x":1,"y":1,"w":48,"h":72},
		"E5C0EC57":{"x":1,"y":75,"w":48,"h":72},
		"78D82885":{"x":1,"y":149,"w":48,"h":72},
		"974D1E25":{"x":1,"y":223,"w":48,"h":72},
		"1BAC3DE7":{"x":1,"y":297,"w":48,"h":72},
		"1FB06C16":{"x":1,"y":371,"w":48,"h":72},
		"F59B5C8F":{"x":51,"y":1,"w":48,"h":72},
		"2E50048F":{"x":51,"y":75,"w":48,"h":72},
		"FDE77CA0":{"x":51,"y":149,"w":48,"h":72},
		"BFE7DB8C":{"x":51,"y":223,"w":48,"h":72},
		"73D6E768":{"x":51,"y":297,"w":48,"h":72},
		"CACA5E0":{"x":51,"y":371,"w":48,"h":72},
		"BCCEB4B0":{"x":101,"y":1,"w":48,"h":72},
		"206175FE":{"x":101,"y":75,"w":48,"h":72},
		"C533C94E":{"x":101,"y":149,"w":48,"h":72},
		"B758BF81":{"x":101,"y":223,"w":48,"h":72},
		"B9206776":{"x":101,"y":297,"w":48,"h":72},
		"14D75A61":{"x":101,"y":371,"w":48,"h":72},
		"768A5EFF":{"x":151,"y":1,"w":48,"h":72},
		"A20DE100":{"x":151,"y":75,"w":48,"h":72},
		"54C018A8":{"x":151,"y":149,"w":48,"h":72},
		"3CF50420":{"x":151,"y":223,"w":48,"h":72},
		"29633833":{"x":151,"y":297,"w":48,"h":72},
		"BFBF520C":{"x":151,"y":371,"w":48,"h":72},
		"2B3154F4":{"x":201,"y":1,"w":48,"h":72},
		"6864B81E":{"x":201,"y":75,"w":48,"h":72},
		"CE1BBBCC":{"x":201,"y":149,"w":48,"h":72},
		"E68EE15C":{"x":201,"y":223,"w":48,"h":72},
		"3A0D05AC":{"x":201,"y":297,"w":48,"h":72},
		"945A42A1":{"x":201,"y":371,"w":48,"h":72},
		"B39F43CE":{"x":251,"y":1,"w":48,"h":72},
		"D39CE2EE":{"x":251,"y":75,"w":48,"h":72},
		"4262B4DE":{"x":251,"y":149,"w":48,"h":72},
		"239E5DB7":{"x":251,"y":223,"w":48,"h":72},
		"3D5EA41A":{"x":251,"y":297,"w":48,"h":72},
		"73600FE1":{"x":251,"y":371,"w":48,"h":72},
		"E695684E":{"x":301,"y":1,"w":48,"h":72},
		"7FB29736":{"x":301,"y":75,"w":48,"h":72},
		"30437B95":{"x":301,"y":149,"w":48,"h":72},
		"D79714A4":{"x":301,"y":223,"w":48,"h":72},
		"8B4D0DA4":{"x":301,"y":297,"w":48,"h":72},
		"201E3491":{"x":301,"y":371,"w":48,"h":72},
		"4127479F":{"x":351,"y":1,"w":48,"h":72},
		"AB02BE22":{"x":351,"y":75,"w":48,"h":72},
		"2AB9DC08":{"x":351,"y":149,"w":48,"h":72},
		"8E8BD08B":{"x":351,"y":223,"w":48,"h":72},
		"9FE65A06":{"x":351,"y":297,"w":48,"h":72},
		"372EF4D7":{"x":351,"y":371,"w":48,"h":72},
		"2D3245CD":{"x":401,"y":1,"w":48,"h":72},
		"2D5761F8":{"x":401,"y":75,"w":48,"h":72},
		"BEE825FB":{"x":401,"y":149,"w":48,"h":72},
		"9576F386":{"x":401,"y":223,"w":48,"h":72},
		"3C49C12":{"x":401,"y":297,"w":48,"h":72},
		"5C1B721E":{"x":401,"y":371,"w":48,"h":72},
		"B2BC3245":{"x":451,"y":1,"w":48,"h":72},
		"AEC28B0B":{"x":451,"y":75,"w":48,"h":72},
		"FA028A34":{"x":451,"y":149,"w":48,"h":72},
		"7A93C509":{"x":451,"y":223,"w":48,"h":72},
		"7F0124D2":{"x":451,"y":297,"w":48,"h":72},
		"C6D696C1":{"x":451,"y":371,"w":48,"h":72},
		"18519775":{"x":501,"y":1,"w":48,"h":72},
		"49B7182C":{"x":501,"y":75,"w":48,"h":72},
		"7EC7BF47":{"x":501,"y":149,"w":48,"h":72},
		"5A8D4335":{"x":501,"y":223,"w":48,"h":72},
		"2F746BCC":{"x":501,"y":297,"w":48,"h":72},
		"7C207E3":{"x":501,"y":371,"w":48,"h":72},
		"9633924E":{"x":551,"y":1,"w":48,"h":72},
		"412C92A7":{"x":551,"y":75,"w":48,"h":72},
		"101B342D":{"x":551,"y":149,"w":48,"h":72},
		"F8AAF755":{"x":551,"y":223,"w":48,"h":72},
		"1D30FE0":{"x":551,"y":297,"w":48,"h":72},
		"6EB637C3":{"x":551,"y":371,"w":48,"h":72}
	}}