{"mc":{
	"turretskin1":{
		"frameRate":24,
		"frames":[
			
			{
			"res":"F3AAAA5",
			"x":0,
			"y":0
			},
			{
			"res":"B8BD44D8",
			"x":0,
			"y":0
			},
			{
			"res":"799C02EE",
			"x":0,
			"y":0
			},
			{
			"res":"E72A5A4C",
			"x":0,
			"y":0
			},
			{
			"res":"9C3285D4",
			"x":0,
			"y":0
			},
			{
			"res":"248B2F16",
			"x":0,
			"y":0
			},
			{
			"res":"4CC0BC46",
			"x":0,
			"y":0
			},
			{
			"res":"1CE96414",
			"x":0,
			"y":0
			},
			{
			"res":"147E60A9",
			"x":0,
			"y":0
			},
			{
			"res":"9C98B728",
			"x":0,
			"y":0
			},
			{
			"res":"4869044C",
			"x":0,
			"y":0
			},
			{
			"res":"63CC5359",
			"x":0,
			"y":0
			},
			{
			"res":"F140DEF9",
			"x":0,
			"y":0
			},
			{
			"res":"E144BF23",
			"x":0,
			"y":0
			},
			{
			"res":"47994DB7",
			"x":0,
			"y":0
			},
			{
			"res":"9AC0B103",
			"x":0,
			"y":0
			},
			{
			"res":"2A892557",
			"x":0,
			"y":0
			},
			{
			"res":"80A8DCE",
			"x":0,
			"y":0
			},
			{
			"res":"5A82CAEC",
			"x":0,
			"y":0
			},
			{
			"res":"78D096AD",
			"x":0,
			"y":0
			},
			{
			"res":"C9B7B174",
			"x":0,
			"y":0
			},
			{
			"res":"60771BA6",
			"x":0,
			"y":0
			},
			{
			"res":"E76E58D8",
			"x":0,
			"y":0
			},
			{
			"res":"70E7D5D3",
			"x":0,
			"y":0
			},
			{
			"res":"988744D2",
			"x":0,
			"y":0
			},
			{
			"res":"23ED866C",
			"x":0,
			"y":0
			},
			{
			"res":"2068A198",
			"x":0,
			"y":0
			},
			{
			"res":"5003888B",
			"x":0,
			"y":0
			},
			{
			"res":"7582F8E",
			"x":0,
			"y":0
			},
			{
			"res":"8FB1873D",
			"x":0,
			"y":0
			},
			{
			"res":"D762362E",
			"x":0,
			"y":0
			},
			{
			"res":"FDDFEEBE",
			"x":0,
			"y":0
			},
			{
			"res":"C20F546D",
			"x":0,
			"y":0
			},
			{
			"res":"4666D142",
			"x":0,
			"y":0
			},
			{
			"res":"98080812",
			"x":0,
			"y":0
			},
			{
			"res":"B951FF96",
			"x":0,
			"y":0
			},
			{
			"res":"4C680A42",
			"x":0,
			"y":0
			},
			{
			"res":"6F30AC69",
			"x":0,
			"y":0
			},
			{
			"res":"BE9A1E9",
			"x":0,
			"y":0
			},
			{
			"res":"7F33DE46",
			"x":0,
			"y":0
			},
			{
			"res":"EC6BBA7F",
			"x":0,
			"y":0
			},
			{
			"res":"95E6FFBD",
			"x":0,
			"y":0
			},
			{
			"res":"6F2B8C28",
			"x":0,
			"y":0
			},
			{
			"res":"743538A1",
			"x":0,
			"y":0
			},
			{
			"res":"6F2F9DCC",
			"x":0,
			"y":0
			},
			{
			"res":"3E9E56C7",
			"x":0,
			"y":0
			},
			{
			"res":"64B965C",
			"x":0,
			"y":0
			},
			{
			"res":"608D1F2F",
			"x":0,
			"y":0
			},
			{
			"res":"2BA2D867",
			"x":0,
			"y":0
			},
			{
			"res":"F0E1F950",
			"x":0,
			"y":0
			},
			{
			"res":"4D9F1351",
			"x":0,
			"y":0
			},
			{
			"res":"78FBA005",
			"x":0,
			"y":0
			},
			{
			"res":"5A8F4A28",
			"x":0,
			"y":0
			},
			{
			"res":"A0BFE6D2",
			"x":0,
			"y":0
			},
			{
			"res":"66BD8598",
			"x":0,
			"y":0
			},
			{
			"res":"B5C8AA22",
			"x":0,
			"y":0
			},
			{
			"res":"5708F7C7",
			"x":0,
			"y":0
			},
			{
			"res":"E12C0375",
			"x":0,
			"y":0
			},
			{
			"res":"BFB6C030",
			"x":0,
			"y":0
			},
			{
			"res":"A41F3469",
			"x":0,
			"y":0
			},
			{
			"res":"8ED799CE",
			"x":0,
			"y":0
			},
			{
			"res":"7D7FC99A",
			"x":0,
			"y":0
			},
			{
			"res":"18330683",
			"x":0,
			"y":0
			},
			{
			"res":"308FEDE0",
			"x":0,
			"y":0
			},
			{
			"res":"C07F6F52",
			"x":0,
			"y":0
			},
			{
			"res":"5010357F",
			"x":0,
			"y":0
			},
			{
			"res":"206898A7",
			"x":0,
			"y":0
			},
			{
			"res":"4F0DAEAD",
			"x":0,
			"y":0
			},
			{
			"res":"2D16EBEB",
			"x":0,
			"y":0
			},
			{
			"res":"1AFA4BED",
			"x":0,
			"y":0
			},
			{
			"res":"1D3795DB",
			"x":0,
			"y":0
			},
			{
			"res":"E8C7EFED",
			"x":0,
			"y":0
			}
			]
}},
	"res":{
		"F3AAAA5":{"x":1,"y":1,"w":48,"h":72},
		"B8BD44D8":{"x":1,"y":75,"w":48,"h":72},
		"799C02EE":{"x":1,"y":149,"w":48,"h":72},
		"E72A5A4C":{"x":1,"y":223,"w":48,"h":72},
		"9C3285D4":{"x":1,"y":297,"w":48,"h":72},
		"248B2F16":{"x":1,"y":371,"w":48,"h":72},
		"4CC0BC46":{"x":51,"y":1,"w":48,"h":72},
		"1CE96414":{"x":51,"y":75,"w":48,"h":72},
		"147E60A9":{"x":51,"y":149,"w":48,"h":72},
		"9C98B728":{"x":51,"y":223,"w":48,"h":72},
		"4869044C":{"x":51,"y":297,"w":48,"h":72},
		"63CC5359":{"x":51,"y":371,"w":48,"h":72},
		"F140DEF9":{"x":101,"y":1,"w":48,"h":72},
		"E144BF23":{"x":101,"y":75,"w":48,"h":72},
		"47994DB7":{"x":101,"y":149,"w":48,"h":72},
		"9AC0B103":{"x":101,"y":223,"w":48,"h":72},
		"2A892557":{"x":101,"y":297,"w":48,"h":72},
		"80A8DCE":{"x":101,"y":371,"w":48,"h":72},
		"5A82CAEC":{"x":151,"y":1,"w":48,"h":72},
		"78D096AD":{"x":151,"y":75,"w":48,"h":72},
		"C9B7B174":{"x":151,"y":149,"w":48,"h":72},
		"60771BA6":{"x":151,"y":223,"w":48,"h":72},
		"E76E58D8":{"x":151,"y":297,"w":48,"h":72},
		"70E7D5D3":{"x":151,"y":371,"w":48,"h":72},
		"988744D2":{"x":201,"y":1,"w":48,"h":72},
		"23ED866C":{"x":201,"y":75,"w":48,"h":72},
		"2068A198":{"x":201,"y":149,"w":48,"h":72},
		"5003888B":{"x":201,"y":223,"w":48,"h":72},
		"7582F8E":{"x":201,"y":297,"w":48,"h":72},
		"8FB1873D":{"x":201,"y":371,"w":48,"h":72},
		"D762362E":{"x":251,"y":1,"w":48,"h":72},
		"FDDFEEBE":{"x":251,"y":75,"w":48,"h":72},
		"C20F546D":{"x":251,"y":149,"w":48,"h":72},
		"4666D142":{"x":251,"y":223,"w":48,"h":72},
		"98080812":{"x":251,"y":297,"w":48,"h":72},
		"B951FF96":{"x":251,"y":371,"w":48,"h":72},
		"4C680A42":{"x":301,"y":1,"w":48,"h":72},
		"6F30AC69":{"x":301,"y":75,"w":48,"h":72},
		"BE9A1E9":{"x":301,"y":149,"w":48,"h":72},
		"7F33DE46":{"x":301,"y":223,"w":48,"h":72},
		"EC6BBA7F":{"x":301,"y":297,"w":48,"h":72},
		"95E6FFBD":{"x":301,"y":371,"w":48,"h":72},
		"6F2B8C28":{"x":351,"y":1,"w":48,"h":72},
		"743538A1":{"x":351,"y":75,"w":48,"h":72},
		"6F2F9DCC":{"x":351,"y":149,"w":48,"h":72},
		"3E9E56C7":{"x":351,"y":223,"w":48,"h":72},
		"64B965C":{"x":351,"y":297,"w":48,"h":72},
		"608D1F2F":{"x":351,"y":371,"w":48,"h":72},
		"2BA2D867":{"x":401,"y":1,"w":48,"h":72},
		"F0E1F950":{"x":401,"y":75,"w":48,"h":72},
		"4D9F1351":{"x":401,"y":149,"w":48,"h":72},
		"78FBA005":{"x":401,"y":223,"w":48,"h":72},
		"5A8F4A28":{"x":401,"y":297,"w":48,"h":72},
		"A0BFE6D2":{"x":401,"y":371,"w":48,"h":72},
		"66BD8598":{"x":451,"y":1,"w":48,"h":72},
		"B5C8AA22":{"x":451,"y":75,"w":48,"h":72},
		"5708F7C7":{"x":451,"y":149,"w":48,"h":72},
		"E12C0375":{"x":451,"y":223,"w":48,"h":72},
		"BFB6C030":{"x":451,"y":297,"w":48,"h":72},
		"A41F3469":{"x":451,"y":371,"w":48,"h":72},
		"8ED799CE":{"x":501,"y":1,"w":48,"h":72},
		"7D7FC99A":{"x":501,"y":75,"w":48,"h":72},
		"18330683":{"x":501,"y":149,"w":48,"h":72},
		"308FEDE0":{"x":501,"y":223,"w":48,"h":72},
		"C07F6F52":{"x":501,"y":297,"w":48,"h":72},
		"5010357F":{"x":501,"y":371,"w":48,"h":72},
		"206898A7":{"x":551,"y":1,"w":48,"h":72},
		"4F0DAEAD":{"x":551,"y":75,"w":48,"h":72},
		"2D16EBEB":{"x":551,"y":149,"w":48,"h":72},
		"1AFA4BED":{"x":551,"y":223,"w":48,"h":72},
		"1D3795DB":{"x":551,"y":297,"w":48,"h":72},
		"E8C7EFED":{"x":551,"y":371,"w":48,"h":72}
	}}